{
  "scene" : "museum/museum.gltf",
  "assets":[
    {
      "model" : "museum/montre_skjold.gltf",
      "count" : 1
    },
    {
      "model" : "museum/montre_svaerd.gltf",
      "count" : 1
    },
    {
      "model" : "museum/montre_oekser.gltf",
      "count" : 1
    },
    {
      "model" : "museum/montre_hjelme.gltf",
      "count" : 1
    },
    {
      "model" : "museum/montre_runesten.gltf",
      "count" : 1
    },
    {
      "model" : "museum/montre_drikkehorn.gltf",
      "count" : 1
    },
    {
      "model" : "museum/montre_volver.gltf",
      "count" : 1
    },
    {
      "model" : "museum/vagt.gltf",
      "count" : 2
    }
  ],
  "objects": [
    {
      "id": "museum/vagt.gltf",
      "pos": [
        -13.544833960069901,
        0,
        -18.94327219239985
      ],
      "rot": [
        0,
        4.71238898038469,
        0,
        "XYZ"
      ]
    },
    {
      "id": "museum/vagt.gltf",
      "pos": [
        12.160109662856366,
        0,
        -18.12788798522398
      ],
      "rot": [
        0,
        4.71238898038469,
        0,
        "XYZ"
      ]
    },
    {
      "id": "museum/montre_drikkehorn.gltf",
      "pos": [
        12.3155692866824,
        -8.215650382226158e-14,
        -12.35366443637825
      ],
      "rot": [
        0,
        4.71238898038469,
        0,
        "XYZ"
      ]
    },
    {
      "id": "museum/montre_svaerd.gltf",
      "pos": [
        -1.1408219652127585,
        -3.552713678800501e-15,
        -16.943399394283325
      ],
      "rot": [
        0,
        1.5707963267948966,
        0,
        "XYZ"
      ]
    },
    {
      "id": "museum/montre_runesten.gltf",
      "pos": [
        0.9830230332870188,
        -8.881784197001252e-16,
        -16.853432029890477
      ],
      "rot": [
        0,
        4.71238898038469,
        0,
        "XYZ"
      ]
    },
    {
      "id": "museum/montre_hjelme.gltf",
      "pos": [
        3.8914211481997096,
        -4.6629367034256575e-14,
        -1.2536535536483784
      ],
      "rot": [
        0,
        4.71238898038469,
        0,
        "XYZ"
      ]
    },
    {
      "id": "museum/montre_skjold.gltf",
      "pos": [
        1.772774706915044,
        -4.703112788106978e-9,
        -1.3481496284382553
      ],
      "rot": [
        0,
        7.853981633974483,
        0,
        "XYZ"
      ]
    },
    {
      "id": "museum/montre_oekser.gltf",
      "pos": [
        -11.391303628351524,
        -7.682743330406083e-14,
        -4.7307919702526675
      ],
      "rot": [
        0,
        0,
        0,
        "XYZ"
      ]
    },
    {
      "id": "museum/montre_volver.gltf",
      "pos": [
        -11.433873550557536,
        -8.881784197001252e-16,
        -6.906553706871993
      ],
      "rot": [
        0,
        0,
        0,
        "XYZ"
      ]
    }
  ]
}
