{
    "typeIdentifier": "%pci-identifier%",
    "label": "%pci-identifier%",
    "short": "%pci-identifier%",
    "description": "%pci-identifier% simulated chat",
    "version": "0.0.10",
    "author": "EJTH",
    "email": "ejth@edu.au.dk",
    "tags": [
        ""
    ],
    "response": {
        "baseType": "string",
        "cardinality": "single"
    },
    "runtime" : {
        "hook" : "./runtime/%pci-identifier%.amd.js",
        "libraries" : [
            "IMSGlobal/jquery_2_1_1"
        ],
        "stylesheets" : [
            "./runtime/css/base.css",
            "./runtime/css/%pci-identifier%.css"
        ], "mediaFiles" : ["./runtime/assets/download.png","./runtime/css/img/download.png"]
    },
            "creator" : {
                "icon": "./creator/img/icon.svg",
                "hook": "./pciCreator.js",
                "libraries" : [
                    "./creator/tpl/markup.tpl",
                    "./creator/tpl/propertiesForm.tpl",
                    "./creator/widget/Widget.js",
                    "./creator/widget/states/Question.js",
                    "./creator/widget/states/states.js",
                    ".creator/widget/settings.js"
                ]
            }
        }
