
{
  "scene" : "minigolf/scene.glb",
  "assets":[
    {
      "model" : "minigolf/soft_start.glb",
      "count" : 1
    },
    {
      "model" : "minigolf/straight.glb",
      "count" : 100
    },
    {
      "model" : "minigolf/hard_bend.glb",
      "count" : 100
    },
    {
      "model" : "minigolf/soft_bend.glb",
      "count" : 100
    },
    {
      "model" : "minigolf/slope.glb",
      "count" : 100
    },
    {
      "model" : "minigolf/raised.glb",
      "count" : 100
    },
    {
      "model" : "minigolf/soft_end.glb",
      "count" : 1
    },
    {
      "model" : "minigolf/mill.glb",
      "count" : 1
    },
    {
      "model" : "minigolf/loopdeloop.glb",
      "count" : 1
    },
    {
      "model" : "minigolf/obstacle.glb",
      "count" : 1
    },
    {
      "model" : "minigolf/toblerone.glb",
      "count" : 1
    }
  ]
}
