{
  "scene" : "restaurant/room.gltf",
  "assets":[
    {
      "model" : "restaurant/table.gltf",
      "count" : 4
    },
    {
      "model" : "restaurant/tablefortwo.gltf",
      "count" : 2
    },
    {
      "model" : "restaurant/playcorner.gltf",
      "count" : 1
    },
    {
      "model" : "restaurant/buffet.gltf",
      "count" : 1
    }
  ],
  "objects": [
    {
      "id": "restaurant/table.gltf",
      "pos": [
        -1.6337043062632324,
        0,
        -6.798096244446115
      ],
      "rot": [
        0,
        -3.141592653589793,
        0,
        "XYZ"
      ]
    },
    {
      "id": "restaurant/table.gltf",
      "pos": [
        -1.6150345327625033,
        0,
        -3.84652759914967
      ],
      "rot": [
        0,
        -3.141592653589793,
        0,
        "XYZ"
      ]
    },
    {
      "id": "restaurant/table.gltf",
      "pos": [
        -1.3603698067697654,
        0,
        -0.9472821188551304
      ],
      "rot": [
        0,
        -3.141592653589793,
        0,
        "XYZ"
      ]
    },
    {
      "id": "restaurant/table.gltf",
      "pos": [
        -1.319911405609193,
        0,
        1.8452123285491688
      ],
      "rot": [
        0,
        -3.141592653589793,
        0,
        "XYZ"
      ]
    },
    {
      "id": "restaurant/playcorner.gltf",
      "pos": [
        4.928352368796807,
        0,
        2.3871521720430806
      ],
      "rot": [
        0,
        -3.141592653589793,
        0,
        "XYZ"
      ]
    },
    {
      "id": "restaurant/buffet.gltf",
      "pos": [
        4.200197156188979,
        0,
        -3.389299921739827
      ],
      "rot": [
        0,
        -3.141592653589793,
        0,
        "XYZ"
      ]
    },
    {
      "id": "restaurant/tablefortwo.gltf",
      "pos": [
        3.746867830985489,
        -0.0000013399100544653209,
        -7.329687957799281
      ],
      "rot": [
        0,
        18.84955592153876,
        0,
        "XYZ"
      ]
    },
    {
      "id": "restaurant/tablefortwo.gltf",
      "pos": [
        7.345141201095482,
        -0.0000010306122870673562,
        -6.087872995754463
      ],
      "rot": [
        0,
        4.71238898038469,
        0,
        "XYZ"
      ]
    }
  ]
}
