{
    "typeIdentifier": "theroom",
    "label": "The Room 3D",
    "short": "Room",
    "description": "3D Design excersize",
    "version": "0.0.12",
    "author": "EJTH",
    "email": "ejth@edu.au.dk",
    "tags": [
        ""
    ],
    "response": {
        "baseType": "string",
        "cardinality": "single"
    },
    "runtime" : {
        "hook" : "./runtime/theroom.amd.js",
        "libraries" : [
            "IMSGlobal/jquery_2_1_1"
        ],
        "stylesheets" : [
            "./runtime/css/base.css"
        ],
        "mediaFiles" : [
            "./runtime/assets/download.png",
            "./runtime/css/img/download.png"
        ]
    },
    "creator" : {
        "icon": "./creator/img/icon.png",
        "hook": "./pciCreator.js",
        "libraries" : [
            "./creator/tpl/markup.tpl",
            "./creator/tpl/propertiesForm.tpl",
            "./creator/widget/Widget.js",
            "./creator/widget/states/Question.js",
            "./creator/widget/states/states.js"
        ]
    }
}
