{
    "typeIdentifier": "theroom",
    "label": "The Room 3D",
    "short": "Room",
    "description": "3D Design exercise from OpenPCI project of Aarhus University and Aalborg University. Elias J.T. Hansen, Anna Rusmann (andr@hum.aau.dk) & Jeppe Bundsgaard (jebu@edu.au.dk). More at https://github.com/openPCI/",
    "version": "0.2.0",
    "author": "OpenPCI",
    "email": "jebu@edu.au.dk",
    "tags": [
        ""
    ],
    "response": {
        "baseType": "string",
        "cardinality": "single"
    },
    "runtime" : {
        "hook" : "./runtime/theroom.amd.js",
        "libraries" : [],
        "stylesheets" : [
            "./runtime/css/base.css"
        ],
        "mediaFiles" : [
            "./runtime/assets/download.png",
            "./runtime/css/img/download.png"
        ]
    },
    "creator" : {
        "icon": "./creator/img/icon.png",
        "hook": "./pciCreator.js",
        "libraries" : [
            "./creator/tpl/markup.tpl",
            "./creator/tpl/propertiesForm.tpl",
            "./creator/widget/Widget.js",
            "./creator/widget/states/Question.js",
            "./creator/widget/states/states.js"
        ]
    }
}
