{
    "typeIdentifier": "svgmap",
    "label": "svg map",
    "short": "SVG map",
    "description": "Svg map exercise",
    "version": "0.0.6",
    "author": "EJTH",
    "email": "ejth@edu.au.dk",
    "tags": [
        ""
    ],
    "response": {
        "baseType": "string",
        "cardinality": "single"
    },
    "runtime" : {
        "hook" : "./runtime/svgmap.amd.js",
        "libraries" : [
            "./runtime/svgmap.js"
        ],
        "stylesheets" : [
            "./runtime/css/base.css"
        ], "mediaFiles" : []
    },
            "creator" : {
                "icon": "./creator/img/icon.svg",
                "hook": "./pciCreator.js",
                "libraries" : [
                    "./creator/tpl/markup.tpl",
                    "./creator/tpl/propertiesForm.tpl",
                    "./creator/widget/Widget.js",
                    "./creator/widget/states/Question.js",
                    "./creator/widget/states/states.js"
                ]
            }
        }
