{
    "typeIdentifier": "gantt",
    "label": "Gantt Chart",
    "short": "Gantt",
    "description": "Gantt chart from OpenPCI project of Aarhus University and Aalborg University. Elias J.T. Hansen, Anna Rusmann (andr@hum.aau.dk) & Jeppe Bundsgaard (jebu@edu.au.dk). More at https://github.com/openPCI/",
    "version": "0.2.0",
    "author": "OpenPCI",
    "email": "jebu@edu.au.dk",
    "tags": [
        ""
    ],
    "response": {
        "baseType": "string",
        "cardinality": "single"
    },
    "runtime" : {
        "hook" : "./runtime/gantt.amd.js",
        "libraries" : [
            "./runtime/ganttjs/gantt.js"
        ],
        "stylesheets" : [
            "./runtime/css/base.css",
            "./runtime/css/gantt.css",
            "./runtime/ganttjs/ganttjs.css"
        ], "mediaFiles" : ["./runtime/assets/download.png","./runtime/css/img/download.png"]
    },
	"creator" : {
		"icon": "./creator/img/icon.svg",
		"hook": "./pciCreator.js",
		"libraries" : [
			"./creator/tpl/markup.tpl",
			"./creator/tpl/propertiesForm.tpl",
			"./creator/widget/Widget.js",
			"./creator/widget/states/Question.js",
			"./creator/widget/states/states.js"
		]
	}
}
